aqi,co,no,no2,o3,so2,pm2_5,pm10,nh3,dt
4,627.52,0.01,32.56,51.5,33.85,39.23,45.34,9.63,1609372800
4,507.36,0,26.39,58.65,30.28,35.06,39.89,8.36,1609369200
4,487.33,0,23.99,62.23,28.37,33.88,38.21,8.11,1609365600
4,500.68,0,23.65,62.23,28.13,33.06,37.27,8.36,1609362000
4,520.71,0,24.33,61.51,28.37,32.21,36.4,8.61,1609358400
4,547.41,0,25.36,58.65,28.85,31.62,35.84,8.74,1609354800
4,594.14,0,26.39,56.51,29.09,31.44,35.83,8.74,1609351200
4,654.22,0,28.1,55.08,29.8,32.16,36.95,8.99,1609347600
4,720.98,0,29.13,55.08,30.99,33.83,39.2,9.75,1609344000
4,747.68,0,29.47,54.36,31.47,34.07,39.61,10.01,1609340400
4,781.06,0,31.53,50.78,32.42,33.65,39.13,9.88,1609336800
4,841.14,0.01,35.3,44.7,33.85,33.43,38.86,9.88,1609333200
4,894.55,0.03,39.76,37.19,34.81,31.4,36.36,9.25,1609329600
4,894.55,0.06,42.16,31.83,34.33,28.11,32.37,7.98,1609326000
4,841.14,0.18,40.78,31.11,33.38,26.15,30,7.03,1609322400
4,801.09,0.45,40.1,30.76,33.38,26.01,29.71,6.33,1609318800
4,794.41,0.86,39.76,30.04,32.9,26.34,29.87,5.7,1609315200
4,794.41,1.29,39.76,29.33,31.47,26.89,30.19,5.07,1609311600
4,821.11,1.76,41.47,26.46,31.95,28.83,32.07,4.81,1609308000
4,881.2,2.35,45.24,21.1,33.85,33.32,36.7,4.81,1609304400
4,947.95,2.57,47.3,16.81,35.29,39.89,43.44,4.69,1609300800
4,1014.71,2.4,49.35,12.52,36.72,48.03,51.73,4.43,1609297200
5,1094.82,2.04,52.09,9.03,37.19,54.37,58.07,4.24,1609293600
5,1108.17,1.36,50.04,9.39,35.76,57.8,61.23,4.12,1609290000
5,1028.06,0.56,44.55,13.77,32.9,56.85,59.62,3.67,1609286400
5,961.3,0.22,38.73,18.42,29.56,54.77,56.9,3.17,1609282800
5,947.95,0.1,33.24,22.71,26.23,53.88,55.83,3.17,1609279200
5,934.6,0.05,27.42,27.18,22.89,51.16,53.08,3.52,1609275600
4,894.55,0.02,21.94,32.19,19.79,46.94,48.86,3.96,1609272000
4,854.49,0.01,17.82,35.41,17.17,42.15,44.13,4.56,1609268400
4,841.14,0.01,16.62,35.41,15.97,40.49,42.53,4.81,1609264800
4,834.47,0.02,17.65,33.26,15.5,42.76,45.09,4.94,1609261200
4,867.84,0.04,19.36,29.68,15.74,48.33,51.1,5.57,1609257600
5,921.25,0.17,24.68,20.39,19.31,50.05,53.36,7.66,1609254000
4,841.14,0.22,33.59,19.31,26.46,44.97,49.95,8.36,1609250400
5,1161.58,1.75,56.89,8.58,40.05,63.39,72.76,8.87,1609246800
5,1401.9,5.31,68.55,1.99,46.73,66.19,78.31,12.67,1609243200
5,1295.09,3.13,71.29,5.1,50.07,53.3,64.81,15.33,1609239600
4,988.01,0.98,60.32,21.46,44.82,38.63,49.25,13.55,1609236000
4,741.01,1.58,46.61,33.98,38.62,30.18,39.89,10.64,1609232400
4,640.87,1.47,40.1,36.84,35.29,26.34,34.92,8.74,1609228800
3,567.44,0.96,33.59,40.77,30.99,23.55,31.05,7.16,1609225200
3,554.09,1.1,30.85,41.84,28.85,22.17,29.03,6.33,1609221600
3,560.76,2.54,29.13,40.77,27.9,21.19,28.29,5.89,1609218000
3,640.87,5.36,31.19,31.83,29.09,22.7,30.65,5.64,1609214400
4,894.55,12.41,40.1,13.05,37.67,35,46.99,7.28,1609210800
4,1014.71,12.74,44.55,5.05,36.72,43.02,58.7,7.73,1609207200
4,1001.36,9.61,47.3,1.1,34.33,46.97,66.55,8.49,1609203600
4,821.11,4.19,45.24,2.55,30.52,43.61,64.24,8.49,1609200000
4,674.25,1.38,41.13,6.71,26.46,38.33,57.35,7.54,1609196400
4,640.87,0.79,38.39,9.3,24.08,37.25,55.7,7.22,1609192800
4,647.54,0.62,37.01,10.37,22.65,38.13,56.45,7.16,1609189200
4,680.92,0.59,38.04,10.55,22.89,40.95,59.46,7.16,1609185600
4,720.98,0.56,39.76,10.82,23.13,44.88,63.69,7.22,1609182000
4,774.38,0.53,41.13,11.36,23.6,49.03,68.27,7.28,1609178400
5,841.14,0.63,43.53,10.91,24.56,53.44,73.62,7.35,1609174800
5,907.9,0.82,46.61,9.84,26.7,57.06,77.67,7.85,1609171200
5,921.25,0.88,49.35,9.57,28.85,55.48,75.36,8.11,1609167600
4,907.9,0.87,50.72,9.74,30.28,48.56,65.63,8.74,1609164000
4,881.2,0.7,50.04,11.62,31.47,40.51,53.93,10.51,1609160400
4,834.47,0.24,48.67,20.03,33.38,36.54,47.08,11.78,1609156800
4,794.41,0.04,44.55,39.7,34.81,38.43,47.15,11.27,1609153200
4,734.33,1.27,34.96,67.95,33.85,40.29,47.09,9.12,1609149600
4,687.6,2.77,26.39,75.82,30.04,36.44,41.82,7.41,1609146000
4,680.92,3.47,26.05,64.37,29.09,32.62,38.01,6.71,1609142400
4,727.65,2.88,32.9,46.49,31.47,34.72,41.05,6.02,1609138800
4,821.11,1.2,45.24,26.82,34.81,44.84,53.09,5.95,1609135200
5,867.84,1.62,52.09,16.09,36.72,53.05,63.44,6.08,1609131600
5,947.95,2.99,58.26,8.14,39.1,61.35,74.16,7.09,1609128000
5,1295.09,16.54,57.58,0.78,46.73,78.43,94.68,10.39,1609124400
5,1441.96,21.46,54.84,0.25,44.35,80.62,95.24,10.77,1609120800
5,1401.9,20.79,52.09,0.06,41.96,79.29,91.46,10.89,1609117200
5,1108.17,12.18,50.04,0.21,37.19,69.73,79.1,9.88,1609113600
5,854.49,4.86,47.3,1.42,31.47,58.67,65.87,8.36,1609110000
5,794.41,2.91,44.55,2.82,28.61,54.24,60.52,7.66,1609106400
5,781.06,2.65,43.87,2.95,27.66,52.34,58.45,7.28,1609102800
5,794.41,2.65,43.87,2.86,27.42,51.97,58.78,7.41,1609099200
5,814.44,2.26,44.55,3.49,26.7,51.1,58.78,7.47,1609095600
4,834.47,1.65,43.53,5.1,24.8,49.28,58.3,7.41,1609092000
4,867.84,1.44,42.84,5.5,23.13,48.63,59.24,7.54,1609088400
5,934.6,1.87,43.18,4.69,24.8,50.38,62.48,8.36,1609084800
4,934.6,1.96,43.18,4.69,25.51,49.54,61.53,8.74,1609081200
4,934.6,2.6,43.87,3.67,26.46,48.55,59.24,8.49,1609077600
5,988.01,5.36,45.93,1.45,29.09,52.64,62.1,8.36,1609074000
5,1201.63,13.86,50.04,0.12,36.24,70.58,79.91,8.87,1609070400
5,1548.77,24.36,58.95,0,47.68,101.69,111.58,9.75,1609066800
5,1815.8,33.53,66.49,0,61.99,128.34,138.99,9.88,1609063200
5,1949.31,45.15,65.8,0.02,72.48,143.22,154.64,9.88,1609059600
5,2002.72,51.41,62.38,0.09,73.43,150.18,162.15,9.5,1609056000
5,2082.82,54.54,63.06,0.32,74.39,161.69,174.66,9.63,1609052400
5,2162.93,58.12,63.75,0.17,79.16,172.75,186.61,9.75,1609048800
5,2162.93,56.33,63.06,0.11,76.29,178.48,193,9.12,1609045200
5,2403.26,66.16,58.95,0.03,77.25,192.6,209.57,9.75,1609041600
5,3791.81,99.24,48.67,0,57.7,237.28,261.54,16.09,1609038000
5,4005.43,100.14,46.61,0,50.55,245.54,270.31,18.49,1609034400
5,3471.37,82.25,45.24,0,45.3,235.03,257.31,20.77,1609030800
5,2590.18,54.54,42.84,0,36.24,209.06,227.85,18.49,1609027200
5,2002.72,34.87,42.16,0,28.85,183.86,199.46,14.06,1609023600
5,1869.2,27.27,43.53,0,26.23,177.32,192.17,12.16,1609020000
5,1842.5,23.69,44.55,0,24.8,176.88,192.33,11.27,1609016400
5,1815.8,21.01,45.24,0,23.84,175.79,193.03,10.77,1609012800
5,1815.8,18.77,45.93,0,23.13,173.11,193.02,10.64,1609009200
5,1895.9,18.77,46.61,0,22.41,175.38,197.62,11.02,1609005600
5,2029.42,21.01,47.98,0,22.65,184.07,208.27,11.4,1609002000
5,2189.64,23.02,50.72,0,24.8,196.91,223.34,12.41,1608998400
5,2456.67,28.39,54.84,0,27.66,211.02,239.28,13.93,1608994800
5,2803.8,36.66,59.63,0,30.99,219.45,248.74,15.33,1608991200
5,3150.94,48.28,62.38,0,35.76,217.48,245.4,17.23,1608987600
5,3150.94,51.41,64.43,0,41.96,197.91,221.01,19.51,1608984000
5,2643.59,38.45,68.55,0.03,47.21,172.83,190.89,20.52,1608980400
5,1922.61,17.88,72.66,2.95,53.41,155.13,169.35,15.58,1608976800
5,1535.42,11.96,70.6,10.01,60.08,153.88,166.47,9.75,1608973200
5,1562.12,16.09,71.97,9.03,63.9,164.51,177.65,8.49,1608969600
5,1588.82,17.88,75.4,5.54,67.71,176.23,190.24,7.6,1608966000
5,1708.98,21.01,80.88,0.03,74.39,189.73,204.96,7.09,1608962400
5,1789.09,27.27,79.51,0.03,77.25,202.93,219.65,6.59,1608958800
5,2162.93,45.15,77.46,0.03,84.88,232.71,254.19,7.79,1608955200
5,5073.55,119.81,63.75,0.02,61.99,347.83,389.93,22.04,1608951600
5,5287.17,119.81,59.63,0.01,54.84,354.37,397.92,23.05,1608948000
5,4539.49,94.77,54.15,0,48.64,336.56,378.76,26.85,1608944400
5,3257.75,54.99,48.67,0,34.81,292.53,328.7,24.07,1608940800
5,2429.96,29.06,47.3,0,23.6,250.43,281.23,17.48,1608937200
5,2136.23,19.22,48.67,0,19.55,232.31,261.44,14.44,1608933600
5,2002.72,14.98,50.72,0.01,17.88,220.38,248.97,12.79,1608930000
5,1922.61,12.74,54.15,0.02,17.64,210.01,238.28,11.91,1608926400
5,1869.2,11.18,58.26,0.05,18.6,201.54,229.27,11.4,1608922800
5,1895.9,11.85,63.75,0.08,22.17,197.5,225.12,11.91,1608919200
5,1976.01,14.53,69.92,0.06,29.56,202.58,231.18,15.45,1608915600
5,2002.72,14.98,76.08,0.06,38.62,210.76,240.53,22.29,1608912000
5,2189.64,19.89,82.25,0.02,44.82,228.03,259.9,27.61,1608908400
5,2403.26,27.94,84.31,0,47.21,238.36,271.08,30.15,1608904800
5,2536.77,37.1,80.88,0,51.98,236.15,265.83,30.4,1608901200
5,2590.18,42.92,80.88,0,62.94,227.67,252.01,27.87,1608897600
5,2403.26,34.42,89.11,0.04,76.29,215.2,234.89,21.28,1608894000
5,1815.8,13.41,95.96,6.53,82.02,196.81,212.55,13.05,1608890400
5,1375.2,7.15,80.88,30.4,79.16,184.7,198.23,7.6,1608886800
5,1281.74,8.16,69.92,45.06,75.34,178.33,191.52,7.03,1608883200
5,1174.93,7.38,59.63,55.08,68.67,171.41,184.85,7.03,1608879600
5,1108.17,6.26,54.15,56.51,62.94,167.09,180.78,6.78,1608876000
5,1094.82,7.26,50.04,54.36,59.13,166.04,179.99,6.46,1608872400
5,1228.33,10.84,51.41,41.84,59.61,168.9,184.96,9.5,1608868800
5,2002.72,30.85,60.32,11.36,66.76,179.92,202.96,25.84,1608865200
5,2136.23,30.85,58.26,3.49,56.27,171.36,193.45,29.13,1608861600
5,1949.31,22.58,55.52,0.41,46.25,159.73,179.71,30.15,1608858000
5,1588.82,12.85,50.04,0.3,35.76,146.79,164.66,30.4,1608854400
5,1348.5,7.94,45.93,0.7,27.66,136.61,153.09,29.39,1608850800
5,1401.9,10.28,44.55,0.36,24.32,140.13,158.24,29.39,1608847200
5,1695.63,16.54,47.3,0.07,22.65,154.4,176.24,28.12,1608843600
5,2403.26,31.29,54.84,0.01,23.6,185.31,213.46,27.61,1608840000
5,4219.06,76.89,69.92,0,37.19,263.06,304.72,40.53,1608836400
5,8758.55,212.79,86.37,0,97.28,475.19,566.6,133.75,1608832800
5,9826.66,239.61,100.08,0,156.4,518.43,630.29,218.87,1608829200
5,10040.28,239.61,109.67,0,190.74,519.44,631.28,249.27,1608825600
5,10147.09,239.61,113.79,0,205.99,506.11,603.98,239.13,1608822000
5,9719.85,236.03,113.79,0,200.27,457.73,538.83,208.74,1608818400
5,9185.79,232.46,109.67,0,183.11,390.87,457.08,170.23,1608814800
5,9078.98,236.03,101.45,0,173.57,334.47,386.24,133.75,1608811200
5,7583.62,193.12,87.74,0.01,148.77,255.56,292.44,92.21,1608807600
5,3845.22,80.47,76.08,0.56,95.37,150.98,172.95,44.58,1608804000
5,1508.71,12.63,67.17,6.35,64.85,91.87,104.88,17.73,1608800400
5,1214.98,6.04,56.21,16.45,50.07,82.85,94.69,13.93,1608796800
5,1028.06,2.93,44.55,26.82,38.62,75.56,86.34,11.15,1608793200
5,961.3,2.24,40.78,28.61,35.76,75.46,86.12,9.88,1608789600
5,974.66,2.38,41.13,26.11,34.33,79.93,91.52,9.63,1608786000
5,1054.76,2.93,42.84,18.95,34.33,89.03,102.25,10.39,1608782400
5,1161.58,3.33,49.35,7.24,37.19,98.84,113.57,12.29,1608778800
5,1201.63,4.53,50.72,4.2,37.67,102.14,116.75,13.05,1608775200
5,1094.82,3.63,47.98,4.29,36.24,101.55,115.25,13.05,1608771600
5,881.2,1.9,41.47,6.8,33.85,96.72,108.56,12.67,1608768000
5,761.03,1.12,37.7,9.03,31.95,92.69,102.78,11.91,1608764400
5,761.03,1.41,38.39,7.15,31.47,91.87,101.61,12.16,1608760800
5,801.09,2.32,40.78,4.2,31.95,90.95,100.8,13.55,1608757200
5,854.49,3.21,42.5,2.79,30.99,89.14,99.45,14.69,1608753600
5,1054.76,7.04,46.61,1.03,31.95,95.52,108.38,17.23,1608750000
5,2349.85,36.21,55.52,0.01,30.99,149.8,172.92,25.33,1608746400
5,4646.3,91.2,66.49,0,38.62,254.02,292.78,35.97,1608742800
5,7263.18,155.57,76.08,0,51.98,381.64,439.05,50.66,1608739200
5,9826.66,227.09,80.2,0,66.76,491.88,561.88,66.88,1608735600
5,11108.4,264.65,82.25,0,85.83,512.22,578.51,80.05,1608732000
5,10787.96,261.07,83.63,0,101.09,461.53,518.04,87.14,1608728400
5,8972.17,212.79,81.57,0,92.51,367.03,410.98,74.98,1608724800
5,6301.88,135.9,80.2,0,78.2,272.8,304.18,54.21,1608721200
5,3204.35,45.6,82.25,2.24,71.53,201.91,221.89,28.63,1608717600
5,1335.14,5.7,67.17,28.25,71.53,172.43,186.5,8.36,1608714000
5,1295.09,6.31,61.69,35.41,69.62,180.6,195.63,6.33,1608710400
5,1295.09,6.04,58.95,36.48,66.76,183.4,199.02,5.19,1608706800
5,1468.66,11.06,65.12,29.68,71.53,192.62,209.88,6.52,1608703200
5,1789.09,21.23,74.71,20.92,76.29,201.32,220.43,9.37,1608699600
5,2590.18,46.05,78.83,10.28,82.97,225.94,250.15,16.97,1608696000
5,6088.26,130.53,69.92,1.83,66.76,350.73,396.07,51.17,1608692400
5,6462.1,134.11,74.71,0.79,63.9,382.08,430.23,60.29,1608688800
5,6355.29,125.17,81.57,0.15,62.94,409.7,461.6,72.96,1608685200
5,7476.81,157.36,75.4,0,74.39,504.65,576.58,113.49,1608681600
5,6355.29,126.96,80.88,0,82.02,452.72,517.2,135.78,1608678000
5,5714.42,110.87,82.25,0,82.97,414.23,473.58,135.78,1608674400
5,4966.74,90.3,78.14,0,71.53,363.96,417.25,110.45,1608670800
5,4219.06,67.06,76.08,0,53.41,311.08,356.91,79.04,1608667200
5,3631.59,46.49,79.51,0,41.49,263.72,302.57,54.72,1608663600
5,3364.56,36.66,83.63,0,41.96,238.28,273.4,45.09,1608660000
5,3471.37,37.55,86.37,0,46.25,235.97,271.1,44.58,1608656400
5,3685,42.92,89.11,0,52.45,243.87,279.46,46.61,1608652800
5,4325.87,59.9,90.48,0,55.79,263.54,302.39,53.7,1608649200
5,4753.11,71.53,98.71,0,59.13,264.86,304.18,56.74,1608645600
5,5393.98,90.3,111.04,0,68.67,266.96,304.89,58.77,1608642000
5,5821.23,101.92,120.64,0,85.83,246.16,279.43,54.72,1608638400
5,4966.74,76.89,117.9,0.04,95.37,196.93,222.99,46.61,1608634800
5,3044.13,27.05,109.67,12.52,89.65,141.1,159.72,32.93,1608631200
5,1789.09,12.52,77.46,49.35,75.34,108.32,122.29,20.77,1608627600
5,1361.85,8.72,56.89,67.23,59.13,92.53,104.65,15.45,1608624000
5,1001.36,4.25,40.78,81.54,44.82,77.82,87.99,10.77,1608620400
5,854.49,2.65,34.62,84.4,40.05,71.9,81.39,8.99,1608616800
5,847.82,2.74,33.59,79.39,38.15,71.25,80.87,8.99,1608613200
5,921.25,3.19,35.64,65.8,39.1,75.21,86.15,10.51,1608609600
5,1201.63,6.2,49.35,35.76,50.55,89.34,103.91,16.47,1608606000
5,1295.09,4.3,52.78,27.9,48.16,94.91,109.13,17.99,1608602400
5,1255.04,1.06,52.09,27.18,44.35,98.21,111.34,18.75,1608598800
5,1094.82,0.08,45.24,32.19,40.53,100.93,112.96,19.76,1608595200
5,988.01,0.03,40.1,34.69,37.19,102.23,113.5,20.77,1608591600
5,1068.12,0.12,42.5,25.75,34.81,112.14,125.1,24.57,1608588000
5,1361.85,1.79,51.41,7.24,30.04,132.73,150.06,31.16,1608584400
5,1842.5,8.94,60.32,0.85,27.9,159.36,182.27,35.97,1608580800
5,2777.1,26.38,71.97,0.03,30.52,206.25,236.13,43.06,1608577200
5,4913.33,74.21,87.05,0,36.24,308.78,354.03,58.26,1608573600
5,6729.13,112.65,100.08,0,45.3,395.57,453.85,68.9,1608570000
5,7690.43,132.32,108.3,0,55.79,442.35,509.48,79.04,1608566400
5,7797.24,130.53,111.04,0,61.99,426.83,493.95,81.06,1608562800
5,7263.18,121.59,111.04,0,65.8,373.71,434.31,76,1608559200
5,6408.69,104.61,105.56,0,67.71,308.07,358.43,66.88,1608555600
5,5233.76,77.78,95.96,0,65.8,236.37,273.23,52.18,1608552000
5,3845.22,37.1,93.22,0.16,60.08,175.33,198.92,38.51,1608548400
5,2109.53,4.64,76.08,35.41,51.02,126.98,140.44,22.04,1608544800
5,1054.76,3.47,37.7,94.41,44.35,101.33,109.67,10.26,1608541200
5,894.55,4.19,28.45,110.15,39.58,97.91,105.21,7.79,1608537600
5,727.65,3.33,19.02,121.59,31.47,90.39,96.52,5.13,1608534000
5,647.54,2.57,14.4,120.16,27.18,84.56,90.35,3.83,1608530400
5,654.22,2.82,16.62,107.29,28.85,84.55,90.99,4.05,1608526800
5,694.28,2.77,20.39,94.41,30.52,88.78,96.71,4.94,1608523200
5,1094.82,5.81,38.39,61.51,41.96,110.82,124.01,12.92,1608519600
5,1388.55,6.82,48.67,45.42,44.82,117.71,132.31,17.48,1608516000
5,1361.85,2.32,52.09,39.7,41.49,113.56,126.87,19.25,1608512400
5,1014.71,0.02,40.44,52.93,34.33,97.86,108.37,18.24,1608508800
5,787.74,0,31.53,62.94,29.8,85.29,93.71,16.97,1608505200
5,754.36,0,29.13,64.37,27.18,81.66,89.85,17.48,1608501600
5,761.03,0,28.45,62.94,25.27,80.75,89.05,18.49,1608498000
5,781.06,0,28.1,60.8,23.6,79.57,88.08,19,1608494400
5,847.82,0,29.82,57.22,22.89,80.66,89.75,20.27,1608490800
5,988.01,0,34.27,51.5,22.65,87.14,97.61,23.31,1608487200
5,1214.98,0.01,40.1,43.63,23.6,98.17,111.09,26.85,1608483600
5,1575.47,0.09,50.72,28.61,27.66,116.31,133.42,32.17,1608480000
5,2189.64,3.49,68.55,6.8,30.99,142.34,164.8,40.53,1608476400
5,2857.21,14.53,79.51,0.48,34.81,160.97,187.17,45.09,1608472800
5,3257.75,24.59,83.63,0.06,38.62,162.14,188.57,45.6,1608469200
5,3097.53,21.46,82.94,0.12,40.05,138.65,160.19,39.52,1608465600
5,2456.67,6.43,80.88,6.08,39.1,108.35,123.15,28.88,1608462000
5,1441.96,1.65,51.41,48.64,34.33,79.19,88.28,16.72,1608458400
5,807.76,2.65,27.42,80.82,30.52,61.97,68.28,8.74,1608454800
5,707.63,2.79,22.62,82.97,27.66,57.68,63.54,6.9,1608451200
5,607.49,1.72,18.34,82.97,22.65,50.35,55.57,5.07,1608447600
4,560.76,1.23,16.62,78.68,20.27,46.17,51.17,4.05,1608444000
4,567.44,1.5,18.34,70.81,21.22,47.75,53.24,4.05,1608440400
5,587.46,1.51,20.22,62.94,21.94,55.22,61.57,4.31,1608436800
5,647.54,1.44,23.99,55.79,24.8,65.25,72.64,5.19,1608433200
5,700.95,0.89,27.08,52.21,26.94,72.68,80.6,5.95,1608429600
5,694.28,0.18,27.08,55.08,27.18,78.15,86.14,6.33,1608426000
5,607.49,0,22.28,64.37,25.27,80.9,88.45,6.21,1608422400
5,527.38,0,17.48,75.1,22.41,80.87,87.81,6.08,1608418800
5,514.03,0,15.08,82.25,20.74,78.51,85.21,6.78,1608415200
5,500.68,0,14.57,84.4,20.03,72.52,78.94,7.66,1608411600
5,494,0,14.74,85.12,19.31,65.55,71.64,8.23,1608408000
5,494,0,15.08,84.4,18.6,59.73,65.49,8.74,1608404400
5,507.36,0,15.94,82.25,18.36,53.87,59.51,8.99,1608400800
5,547.41,0,17.65,78.68,18.84,50.11,55.98,9.5,1608397200
4,620.84,0,20.39,72.24,20.74,49.31,56.16,11.27,1608393600
4,727.65,0,25.36,62.23,24.56,49.54,57.52,13.93,1608390000
4,867.84,0,31.87,50.78,28.61,49.7,58.32,16.09,1608386400
5,1014.71,0.02,39.76,38.27,32.42,50.07,58.89,17.23,1608382800
4,1054.76,0.04,43.87,33.26,33.38,46.44,54.56,16.09,1608379200
4,988.01,0.03,41.13,37.91,31.95,40.85,47.68,13.3,1608375600
4,841.14,0.13,34.96,47.21,29.09,37.01,42.92,10.77,1608372000
4,720.98,0.49,30.5,55.08,27.66,35.91,41.43,9.5,1608368400
4,640.87,0.91,26.73,61.51,25.27,35.52,40.77,8.23,1608364800
4,554.09,1.02,21.08,68.67,20.98,34.16,39.1,6.84,1608361200
4,507.36,0.56,18.34,71.53,18.36,33.6,38.47,6.21,1608357600
4,507.36,0.48,19.02,71.53,18.84,35.43,40.68,6.59,1608354000
4,520.71,0.28,19.71,72.24,18.84,38.6,44.36,7.22,1608350400
4,587.46,0.23,22.62,68.67,20.5,44.17,50.65,8.49,1608346800
4,667.57,0.23,26.39,62.94,22.41,49.17,56.01,9.5,1608343200
5,687.6,0.08,26.05,60.8,22.65,51.35,58,10.01,1608339600
5,594.14,0,21.94,62.94,21.46,50.5,56.44,9.75,1608336000
4,520.71,0,18.85,63.66,20.27,48.01,53.13,9.37,1608332400
4,507.36,0,18.34,61.51,19.79,46,50.97,9.63,1608328800
4,507.36,0,18.68,57.22,19.55,43.85,48.78,10.01,1608325200
4,514.03,0,18.85,54.36,19.07,41.86,46.82,10.26,1608321600
4,554.09,0,20.05,49.35,19.31,40.4,45.86,11.15,1608318000
4,660.9,0.02,25.36,37.91,22.89,41.79,48.51,12.92,1608314400
5,921.25,0.32,38.73,19.49,28.85,52.07,62.79,16.09,1608310800
5,1241.68,2.77,50.72,5.68,33.38,69.52,85.84,21.53,1608307200
5,1655.58,11.62,56.21,0.55,36.72,90.13,112.04,29.39,1608303600
5,2002.72,21.68,59.63,0.04,40.53,102.25,125.56,33.44,1608300000
5,2243.04,28.39,61.69,0.01,42.92,104.87,126.32,32.93,1608296400
5,2109.53,24.59,60.32,0.03,41.96,91.57,108.37,27.36,1608292800
5,1695.63,10.51,60.32,1.77,38.62,72.66,83.87,19.76,1608289200
5,1134.87,3.19,45.24,23.6,32.9,56.68,63.99,12.29,1608285600
4,807.76,4.75,29.13,42.92,28.61,49.28,55.01,8.36,1608282000
4,754.36,5.64,25.36,43.63,27.18,47.5,53,7.66,1608278400
4,707.63,5.25,22.28,42.2,24.8,46.17,51.32,7.03,1608274800
4,720.98,4.3,23.31,35.76,24.8,46.12,51.14,7.09,1608271200
4,774.38,5.25,25.36,28.25,27.18,48.21,53.41,7.73,1608267600
5,867.84,5.92,27.42,20.92,29.09,52.31,57.9,8.49,1608264000
5,988.01,5.48,33.24,10.82,31.95,57.65,64.12,10.01,1608260400
5,1094.82,5.64,38.04,4.78,33.38,61.69,68.57,11.27,1608256800
5,1081.47,5.2,38.04,3.22,32.9,63.94,70.88,11.4,1608253200
5,907.9,2.82,34.96,5.32,30.04,61.46,68.01,10.89,1608249600
5,761.03,1.44,32.22,8.14,27.18,57.75,63.83,10.39,1608246000
5,727.65,1.08,31.53,9.39,25.99,56.04,62.18,10.51,1608242400
5,720.98,0.84,31.19,10.64,25.27,53.98,60.24,10.77,1608238800
5,720.98,0.62,30.85,12.52,24.56,51.56,57.93,11.02,1608235200
5,747.68,0.5,31.53,13.95,24.56,50.12,56.72,11.4,1608231600
5,794.41,0.52,33.24,13.77,25.75,50.44,57.62,11.91,1608228000
5,867.84,0.77,36.33,11.8,28.37,52.96,61.02,12.79,1608224400
5,961.3,1.17,39.76,9.57,31.95,57.34,66.44,14.19,1608220800
5,1001.36,1.54,42.5,7.96,35.29,58.9,68.11,14.69,1608217200
5,1041.41,2.24,45.93,5.9,38.62,59.34,68.21,14.44,1608213600
5,1108.17,3.47,49.35,3.89,41.01,60,68.4,14.19,1608210000
5,1161.58,4.64,52.09,2.77,42.92,59.5,67.21,13.55,1608206400
5,1148.22,4.3,52.09,3.53,42.92,57.24,64.18,12.67,1608202800
5,1094.82,3.47,50.72,6.44,43.39,55.44,61.92,11.91,1608199200
5,1014.71,4.19,47.3,11.36,43.39,54.31,60.61,11.53,1608195600
5,961.3,5.09,42.5,17.17,41.01,52.61,58.67,10.64,1608192000
5,894.55,5.42,36.67,21.82,37.19,50.5,56.45,9.88,1608188400
4,867.84,5.81,33.59,21.82,36.24,49.22,55.46,9.75,1608184800
4,894.55,6.43,34.62,17.88,37.19,49.46,56.28,10.51,1608181200
5,934.6,6.54,35.64,13.95,37.19,50.96,58.3,11.27,1608177600
5,1041.41,7.26,39.41,9.03,38.62,55.69,63.61,12.92,1608174000
5,1134.87,7.71,43.53,4.51,40.05,62.06,70.21,14.19,1608170400
5,1108.17,5.64,44.55,3.35,39.58,65.39,73.54,14.31,1608166800
5,934.6,2.21,40.44,7.06,36.24,61.65,68.87,13.55,1608163200
5,787.74,0.89,34.96,11.62,31.95,55.11,61.4,12.54,1608159600
5,761.03,0.86,32.9,11.18,30.28,51.87,58.1,12.54,1608156000
4,774.38,1.41,32.9,7.6,30.28,49.48,55.94,13.55,1608152400
4,801.09,2.32,33.24,4.65,30.04,46.78,53.47,14.19,1608148800
4,847.82,3.74,33.93,2.53,30.28,44.59,51.58,14.57,1608145200
4,921.25,5.81,34.96,1.31,32.42,43.79,51.18,14.82,1608141600
4,1028.06,7.82,36.33,0.7,35.29,45.59,53.62,15.07,1608138000
4,1081.47,7.82,37.36,0.76,36.72,48.37,56.99,15.58,1608134400
4,1081.47,6.93,37.36,1.05,36.24,47.9,56.28,15.2,1608130800
4,1094.82,7.26,38.04,0.98,36.72,46.4,54.2,14.69,1608127200
4,1121.52,8.38,39.07,0.78,37.19,44.97,52.31,14.19,1608123600
4,1121.52,9.16,39.76,0.67,37.19,42.31,49.01,13.17,1608120000
4,1081.47,8.05,39.76,1.03,36.24,39.34,45.33,11.91,1608116400
4,1001.36,6.15,38.73,2.5,35.29,37.26,42.85,10.89,1608112800
4,934.6,5.92,36.67,5.36,35.29,36.35,41.71,10.26,1608109200
4,894.55,6.15,33.59,8.4,33.38,35.45,40.52,9.5,1608105600
4,867.84,6.09,30.5,10.55,30.99,34.83,39.66,8.87,1608102000
4,854.49,5.87,30.85,8.23,31.47,35.09,40.1,8.87,1608098400
4,894.55,7.82,31.53,5.81,33.38,36.73,42.38,9.63,1608094800
4,934.6,9.61,32.22,3.93,34.33,37.84,44.25,10.64,1608091200
4,1014.71,10.95,33.59,2.44,34.81,39.52,46.33,11.4,1608087600
4,1068.12,11.51,34.62,1.27,34.81,40.45,46.97,11.15,1608084000
4,1014.71,9.28,34.62,1.07,33.38,39.72,45.48,10.39,1608080400
4,841.14,4.53,33.24,2.86,30.28,35.53,39.96,9.12,1608076800
4,714.3,2.07,31.19,5.99,27.42,31.55,34.98,8.11,1608073200
4,694.28,1.43,30.16,7.69,26.7,30.97,34.14,7.92,1608069600
4,700.95,1.24,30.5,8.23,26.7,31.37,34.72,8.23,1608066000
4,720.98,1.17,31.19,8.32,26.7,32.05,35.84,8.99,1608062400
4,747.68,1.19,31.87,8.23,26.94,32.69,37.35,10.13,1608058800
4,801.09,1.29,33.24,7.96,27.18,33.32,38.91,10.89,1608055200
4,867.84,1.61,34.96,6.97,28.13,34.78,41.19,11.4,1608051600
4,934.6,1.84,36.33,6.62,29.56,37.71,44.98,12.29,1608048000
4,961.3,2.1,37.01,6.08,30.99,38.98,46.43,12.67,1608044400
4,1001.36,3.35,39.41,3.84,33.38,40.37,47.58,12.67,1608040800
4,1081.47,6.04,41.81,1.77,36.24,41.91,49.01,12.92,1608037200
4,1134.87,8.05,43.53,0.98,38.15,41.34,48.15,12.67,1608033600
4,1108.17,7.82,43.87,1.2,38.15,38.99,45.34,12.03,1608030000
4,1054.76,6.82,43.87,2.28,38.62,37.82,43.99,11.65,1608026400
4,988.01,6.65,43.18,3.89,40.05,37.18,43.24,11.15,1608022800
4,947.95,6.54,41.13,6.62,39.1,35.93,41.75,10.39,1608019200
4,907.9,5.98,38.04,9.92,36.24,34.25,39.61,9.63,1608015600
4,881.2,5.42,35.99,10.82,34.33,32.82,37.77,8.61,1608012000
4,881.2,5.98,35.99,9.12,34.81,33.31,38.38,8.49,1608008400
4,921.25,6.15,35.99,8.23,33.85,33.83,38.83,8.23,1608004800
4,974.66,6.2,36.67,6.71,32.9,34.69,39.64,7.79,1608001200
4,1028.06,6.2,38.04,4.47,32.42,35.41,40.24,7.35,1607997600
4,974.66,4.19,37.36,4.69,30.52,34.47,38.78,6.65,1607994000
4,801.09,1.48,32.22,9.74,26.46,30.26,33.49,5.57,1607990400
4,674.25,0.56,26.73,15.02,22.65,25.99,28.26,4.62,1607986800
4,647.54,0.41,24.68,16.63,20.74,25.73,27.8,4.31,1607983200
4,654.22,0.42,24.68,15.56,20.5,26.45,28.58,4.37,1607979600
4,680.92,0.47,25.36,14.48,20.5,27.32,29.47,4.43,1607976000
4,714.3,0.55,26.39,13.23,20.5,28.57,30.76,4.5,1607972400
4,767.71,0.73,28.45,11.36,21.22,30.32,32.68,4.43,1607968800
4,847.82,1.2,31.19,8.49,22.41,33.11,35.99,4.62,1607965200
4,934.6,1.84,33.24,6.35,24.08,37.46,41.1,5.13,1607961600
4,961.3,2.01,33.24,5.9,24.32,40.05,43.83,5.13,1607958000
4,988.01,2.43,33.93,4.96,24.32,43.47,47.11,5,1607954400
4,1041.41,3.02,34.27,4.11,24.8,49.04,52.53,4.88,1607950800
5,1081.47,3.35,34.62,3.89,25.03,53.66,56.74,4.62,1607947200
5,1094.82,2.85,34.27,5.05,24.8,57.4,59.96,4.43,1607943600
5,1054.76,1.9,32.56,7.51,24.56,59.47,61.83,4.5,1607940000
5,1014.71,1.77,31.19,8.76,25.03,59.56,61.98,4.56,1607936400
5,988.01,2.21,30.16,9.21,25.27,57.04,59.51,4.43,1607932800
5,988.01,2.57,28.79,8.67,24.08,55.97,58.42,4.18,1607929200
5,1041.41,4.08,29.47,3.26,25.51,59.21,61.92,4.24,1607925600
5,1121.52,7.6,29.13,0.88,28.37,59.46,62.75,4.5,1607922000
5,1201.63,10.84,29.13,0.3,29.8,55.91,59.69,4.94,1607918400
5,1255.04,14.08,29.13,0.11,30.52,58.74,62.82,5.19,1607914800
5,1321.79,18.77,28.1,0.02,31.95,73.62,77.83,5.26,1607911200
5,1361.85,21.91,30.85,0,34.81,89.86,94.54,5.32,1607907600
5,1976.01,37.1,39.76,0,32.9,135.52,143.86,8.11,1607904000
5,2082.82,40.68,41.47,0,29.09,155.29,164.91,9.75,1607900400
5,2136.23,41.57,42.84,0,29.56,167.6,178.89,13.05,1607896800
5,2029.42,37.55,45.24,0,31.47,167.75,179.63,14.06,1607893200
5,1869.2,30.4,47.98,0,32.9,158.83,170.5,13.17,1607889600
5,1682.28,21.68,49.35,0,32.42,146.74,158.22,11.78,1607886000
5,1548.77,13.75,48.67,0.02,28.13,136.82,147.85,10.13,1607882400
5,1508.71,8.49,49.35,0.16,24.56,131.24,142.77,9.12,1607878800
5,1482.01,4.53,51.41,1.32,24.8,126.91,140,9.37,1607875200
5,1375.2,1.29,50.72,7.06,24.32,115.36,129.14,9.12,1607871600
5,1241.68,0.23,47.3,17.35,23.84,99.49,111.31,8.23,1607868000
5,1148.22,0.03,44.55,30.4,24.8,89.14,98.92,8.04,1607864400
5,1148.22,0,45.24,44.7,29.33,92.86,101.18,10.26,1607860800
5,1174.93,0,47.3,55.08,35.76,95.45,102.43,12.16,1607857200
5,1054.76,0.6,39.41,62.94,35.29,81.2,86.8,10.26,1607853600
5,921.25,1.98,25.71,69.38,26.46,74.76,80.14,8.11,1607850000
5,921.25,2.91,23.99,64.37,24.32,81.49,87.53,7.54,1607846400
5,947.95,3.58,25.36,47.21,24.32,81.72,88.17,6.9,1607842800
5,988.01,3.63,29.82,29.33,26.23,82.93,89.71,6.59,1607839200
5,1054.76,4.36,33.24,18.6,27.18,89.82,97.16,6.33,1607835600
5,1214.98,5.98,40.1,8.23,30.99,117.4,126.48,6.59,1607832000
5,1508.71,13.19,48.67,1.31,40.05,160.76,173.39,8.61,1607828400
5,1548.77,10.06,52.09,0.86,36.24,172.65,185.7,7.85,1607824800
5,1508.71,5.09,54.15,1.74,32.42,181.09,193.88,6.97,1607821200
5,1388.55,1.93,52.78,5.01,30.04,191.63,204.36,6.65,1607817600
5,1295.09,0.5,48.67,11.18,26.46,197.49,210.18,6.21,1607814000
5,1281.74,0.2,45.93,15.74,24.56,204.89,217.47,6.08,1607810400
5,1281.74,0.11,45.24,19.13,24.08,211.05,224.45,5.7,1607806800
5,1281.74,0.06,45.24,21.99,24.32,217.43,231.67,5.26,1607803200
5,1308.44,0.05,45.93,23.6,25.27,222.69,237.65,4.88,1607799600
5,1335.14,0.06,47.3,22.35,25.99,222.49,238.01,5.13,1607796000
5,1348.5,0.09,49.35,20.74,27.42,216.34,232.05,5.51,1607792400
5,1348.5,0.08,50.04,23.25,29.09,210.94,226.25,6.21,1607788800
5,1281.74,0.03,47.3,29.68,30.28,198.86,212.8,6.4,1607785200
5,1201.63,0.01,44.55,33.98,31.47,185.08,197.25,6.33,1607781600
5,1174.93,0.01,44.55,33.62,32.9,171.96,182.26,6.46,1607778000
5,1188.28,0.05,47.3,26.82,34.33,157.71,166.22,6.78,1607774400
5,1174.93,0.12,48.67,22.53,34.81,152.86,159.96,6.59,1607770800
5,1094.82,0.78,44.55,29.68,33.38,155.03,161.23,5.83,1607767200
5,1028.06,2.65,38.39,40.41,32.9,159.97,166.06,5.19,1607763600
5,1014.71,3.97,39.07,40.41,36.24,161.64,167.61,4.81,1607760000
5,1041.41,3.63,43.18,34.69,39.58,161.72,167.64,4.62,1607756400
5,1134.87,3.74,51.41,28.61,46.73,168.47,175.26,5.45,1607752800
5,1228.33,5.42,57.58,26.11,51.02,177.31,185.39,5.83,1607749200
5,1348.5,7.49,59.63,20.74,51.5,189.07,199.15,6.65,1607745600
5,1655.58,14.75,63.75,7.06,55.79,218.13,231.4,10.01,1607742000
5,1762.39,14.75,64.43,2.19,52.45,234.46,249.33,8.87,1607738400
5,1762.39,12.85,66.49,0.39,51.02,256.99,273.94,8.61,1607734800
5,1695.63,8.38,67.86,0.52,44.82,274.99,293.69,9.75,1607731200
5,1535.42,2.54,65.8,3.04,38.15,271.93,289.82,9.5,1607727600
5,1495.36,1.09,63.06,6.26,35.29,264.47,281.96,9.75,1607724000
5,1455.31,0.55,62.38,9.74,34.81,251.77,268.57,9.37,1607720400
5,1388.55,0.16,59.63,16.81,35.29,236.38,253.05,8.49,1607716800
5,1295.09,0.03,56.21,25.75,36.72,224.86,241.86,6.9,1607713200
5,1308.44,0.02,56.89,28.25,37.67,219.27,237.28,6.4,1607709600
5,1415.25,0.05,61.01,26.46,38.15,217.2,236.01,7.35,1607706000
5,1441.96,0.03,59.63,31.83,37.67,211.76,230.91,8.61,1607702400
5,1361.85,0.01,55.52,41.84,37.19,200.17,218.01,9.75,1607698800
5,1281.74,0,52.78,51.5,37.19,188.25,204.51,11.53,1607695200
5,1228.33,0,52.09,57.94,38.15,175.13,190.08,13.55,1607691600
5,1228.33,0,57.58,51.5,42.44,157.21,171.53,14.69,1607688000
5,1241.68,0,61.01,47.92,44.35,149.53,163.61,13.05,1607684400
5,1188.28,0.08,53.47,62.23,41.01,154.51,168.54,9.88,1607680800
5,1121.52,0.27,45.93,81.54,36.72,166.38,180.43,7.41,1607677200
5,1121.52,0.52,45.93,90.84,40.05,177.59,191.7,5.95,1607673600
5,1148.22,0.78,46.61,97.28,43.39,187.38,201.47,4.37,1607670000
5,1295.09,1.93,56.21,91.55,52.93,206.52,221.46,3.45,1607666400
5,1562.12,6.71,75.4,70.1,68.67,231.16,247.84,2.76,1607662800
5,2376.56,28.61,101.45,36.84,100.14,286.97,309.53,3.8,1607659200
5,9506.23,205.64,93.22,3.62,68.67,614.52,675.38,26.6,1607655600
5,8544.92,191.33,69.23,1.79,57.22,578.68,633.59,18.24,1607652000
5,7156.37,157.36,55.52,0.46,47.21,550.86,596.55,16.47,1607648400
5,7156.37,162.72,37.36,0.01,31.95,600.58,651.33,15.96,1607644800
5,5874.63,123.38,37.36,0,25.27,539.06,601.98,19.51,1607641200
5,5287.17,101.92,40.44,0,26.94,504.39,567.26,27.61,1607637600
5,5020.14,87.62,43.87,0,27.18,479.53,540.47,29.13,1607634000
5,4753.11,74.21,51.41,0,26.94,447.06,504.3,29.89,1607630400
5,4539.49,62.59,61.01,0,25.99,412.15,465.67,27.87,1607626800
5,4486.08,55.43,73.34,0,23.13,390.33,440.44,19,1607623200
5,4859.92,56.33,90.48,0,25.27,401.93,451.21,14.19,1607619600
5,5714.42,68.84,115.16,0,36.72,446.25,497.43,18.49,1607616000
5,10574.34,185.97,150.8,0,55.79,667.09,738.87,36.99,1607612400
5,13137.82,261.07,186.44,0,109.67,740.71,818.99,92.21,1607608800
5,13565.06,278.95,222.09,0,200.27,713.85,788.41,156.04,1607605200
5,12603.76,250.34,241.28,0,247.96,628.26,691.64,162.13,1607601600
5,10467.53,180.6,241.28,0.01,236.51,534.49,585.3,129.7,1607598000
5,7263.18,83.15,230.31,2.75,188.83,435.08,474.71,88.16,1607594400
5,4913.33,31.29,189.19,27.18,137.33,365.72,397.43,54.72,1607590800
5,3337.86,18.55,126.12,70.1,96.32,301.56,326.29,32.93,1607587200
5,1842.5,9.61,68.55,113.01,68.67,230.9,247.95,14.69,1607583600
5,1068.12,5.7,39.76,125.89,57.22,186.35,199.33,5.45,1607580000
5,1068.12,7.04,41.47,97.28,54.36,172.09,185.3,5.95,1607576400
5,1255.04,10.39,47.98,64.37,54.36,173.63,189.51,9.12,1607572800
5,1976.01,28.61,55.52,18.42,59.13,185.91,209.7,19.51,1607569200
5,2136.23,29.06,51.41,9.74,48.16,186.77,210.56,15.45,1607565600
5,2323.15,26.38,52.09,2.82,39.1,216.69,242.39,10.51,1607562000
5,3685,55.88,47.98,0.03,27.42,337.73,378.01,11.91,1607558400
5,3631.59,55.43,52.78,0,23.6,345.4,385.8,11.91,1607554800
5,4058.84,70.63,55.52,0,25.99,372.09,414.93,14.82,1607551200
5,4913.33,94.77,49.35,0,25.27,415.71,466.05,20.27,1607547600
5,4859.92,90.3,50.72,0,28.37,397.8,450.5,28.63,1607544000
5,4432.68,74.21,56.21,0,30.52,358.75,409.57,33.44,1607540400
5,4112.24,59.9,62.38,0,25.03,326,373.5,22.55,1607536800
5,3898.62,48.28,71.29,0,24.56,311.9,356.98,15.45,1607533200
5,3231.05,28.39,82.94,0.01,31.47,282.94,323.76,16.72,1607529600
5,2643.59,13.08,93.22,0.16,41.01,251.28,286.51,21.79,1607526000
5,2777.1,18.33,97.33,0.04,47.68,245.23,277.75,26.6,1607522400
5,2883.91,24.14,98.71,0.01,56.27,230,258.46,30.15,1607518800
5,2830.51,24.81,98.71,0.01,61.99,211.08,235.47,29.89,1607515200
5,2429.96,12.29,102.82,0.87,63.9,188.96,209.45,23.56,1607511600
5,1708.98,0.69,89.11,23.96,60.56,162.77,178.86,13.55,1607508000
5,1214.98,0.18,69.92,50.07,57.7,146,159.05,6.71,1607504400
5,1241.68,0.62,77.46,49.35,63.9,147.73,160.3,6.46,1607500800
5,1268.39,1.23,78.14,52.21,68.67,149.8,162.13,6.14,1607497200
5,1321.79,3.74,75.4,55.08,74.39,155.65,168.2,6.08,1607493600
5,1308.44,8.16,68.55,60.08,73.43,155.71,168.96,5.95,1607490000
5,1562.12,19,66.49,45.06,75.34,155.28,171.22,8.61,1607486400
5,4646.3,104.61,54.84,5.81,60.08,236.18,272.98,34.96,1607482800
5,4432.68,103.71,41.47,2.62,50.55,233.4,267.87,24.57,1607479200
5,4005.43,88.51,37.01,0.65,41.96,234.78,267.85,17.99,1607475600
5,3685,75.1,35.64,0.09,32.9,247.32,283.19,17.73,1607472000
5,3337.86,60.8,39.07,0,25.99,238.58,274.44,18.49,1607468400
5,3524.78,59.9,45.24,0,24.8,249.61,289.2,22.04,1607464800
5,3898.62,65.27,51.41,0,23.6,265.85,309.17,22.8,1607461200
5,4432.68,78.68,56.21,0,22.65,287.6,335.11,22.8,1607457600
5,5607.61,111.76,59.63,0,23.6,336.48,393.77,24.57,1607454000
5,7904.05,178.81,61.69,0,25.75,448.45,530.42,23.56,1607450400
5,9399.41,212.79,68.55,0,36.72,513.05,609.92,32.93,1607446800
5,9826.66,218.15,75.4,0,51.02,530.39,630.05,46.61,1607443200
5,9292.6,198.48,82.94,0,55.79,482.03,570.52,47.62,1607439600
5,8331.3,171.66,91.85,0,55.79,400.23,472.89,44.08,1607436000
5,7370,146.63,98.71,0,55.31,313.93,372.61,43.57,1607432400
5,6408.69,126.96,97.33,0,54.84,239.68,283.93,48.64,1607428800
5,5073.55,86.73,94.59,0.02,55.31,174.05,203.39,47.62,1607425200
5,2536.77,17.88,83.63,20.03,45.78,104.95,120.1,26.85,1607421600
5,807.76,2.71,29.82,89.41,30.52,64.32,71.55,8.49,1607418000
5,741.01,3.44,22.28,100.14,26.7,65.44,72.09,7.28,1607414400
5,720.98,3.35,17.48,104.43,24.32,71.58,78.23,6.78,1607410800
5,774.38,4.25,18.85,94.41,27.9,77.19,84.37,7.28,1607407200
5,841.14,5.64,22.62,72.24,31.95,76.07,83.77,8.04,1607403600
5,934.6,6.87,26.73,50.78,34.33,77.54,86.41,9.37,1607400000
5,1094.82,9.72,32.9,33.98,39.1,82.82,93.33,11.91,1607396400
5,1188.28,9.5,36.67,27.54,38.62,85.54,96.39,13.05,1607392800
5,1148.22,3.58,40.78,23.6,35.76,88.24,98.74,13.55,1607389200
5,974.66,0.16,37.7,28.61,31.95,88.18,97.86,13.81,1607385600
5,834.47,0.03,31.87,35.41,28.13,85.39,94.26,13.55,1607382000
5,847.82,0.03,32.22,32.9,26.46,89.36,98.93,15.71,1607378400
5,1001.36,0.17,38.73,21.1,25.03,101.27,113.29,20.52,1607374800
5,1335.14,1.7,49.35,7.15,23.6,118.91,135.47,23.31,1607371200
5,2056.12,13.52,58.95,0.49,24.32,154.7,180.81,25.33,1607367600
5,3578.19,52.3,62.38,0,26.7,235.35,283.8,27.36,1607364000
5,4432.68,68.84,67.86,0,31.95,284.53,346.03,27.36,1607360400
5,4699.71,69.74,72.66,0,37.19,305.06,371.22,30.4,1607356800
5,4646.3,64.37,78.83,0,39.1,294.07,355.57,30.4,1607353200
5,4325.87,54.09,86.37,0,41.01,258.24,308.57,30.4,1607349600
5,3631.59,35.76,90.48,0.01,42.44,207.96,245.72,32.93,1607346000
5,2990.72,16.54,93.22,0.24,43.39,162.08,189.36,34.45,1607342400
5,2510.07,3.24,91.85,10.91,45.78,136.14,155.03,28.88,1607338800
5,1682.28,0.94,65.12,57.22,45.78,116.66,129.27,18.75,1607335200
5,1121.52,2.6,43.53,98.71,44.35,110.66,120.6,11.78,1607331600
5,988.01,3.47,33.93,120.16,40.53,117.56,127.03,9.37,1607328000
5,854.49,2.91,23.65,138.76,33.38,123.59,132.95,6.9,1607324400
5,801.09,2.65,18.85,140.19,30.99,128.84,138.54,5.64,1607320800
5,827.79,3.63,21.94,124.45,34.81,132.23,142.88,5.57,1607317200
5,934.6,5.53,27.42,95.84,39.58,138.11,150.74,6.71,1607313600
5,1321.79,12.29,42.5,52.21,51.02,160.4,178.14,13.43,1607310000
5,1522.06,13.41,47.98,28.25,46.73,164.74,183.18,14.69,1607306400
5,1548.77,9.5,51.41,9.74,39.58,164.95,182.69,13.55,1607302800
5,1655.58,10.17,47.3,0.89,28.85,175.44,193.64,12.54,1607299200
5,1815.8,10.51,45.93,0.44,22.17,194.54,213.9,10.13,1607295600
5,2616.88,20.12,52.09,0.06,21.7,264.19,291.01,11.27,1607292000
5,4646.3,59.9,52.09,0,21.7,422.02,468.66,20.77,1607288400
5,5180.36,67.06,64.43,0,33.38,450.74,502.08,43.57,1607284800
5,5287.17,66.16,76.08,0,42.44,443.91,492.96,58.26,1607281200
5,5126.95,59.01,78.14,0,32.9,420.58,466.37,40.53,1607277600
5,5126.95,53.2,84.31,0,25.03,418.15,463.88,24.32,1607274000
5,5500.79,50.96,100.08,0,27.42,429.87,476.47,20.77,1607270400
5,7583.62,94.77,112.41,0,36.24,497.58,549.29,30.4,1607266800
5,9078.98,132.32,126.12,0,55.31,521.09,572.81,53.2,1607263200
5,9078.98,134.11,138.46,0,79.16,481.51,527.64,78.02,1607259600
5,7476.81,96.56,142.57,0,75.34,388.43,424.32,69.92,1607256000
5,5126.95,34.42,145.32,0.59,62.94,291.66,316.13,48.13,1607252400
5,2536.77,1.15,100.08,71.53,52.93,214.11,228.11,24.07,1607248800
5,1001.36,1.27,37.01,168.8,48.64,171.55,178.79,4.31,1607245200
5,988.01,2.46,32.9,174.52,48.64,172.09,179.27,3.48,1607241600
5,974.66,3.16,28.45,171.66,47.21,172.59,180.07,2.82,1607238000
5,974.66,3.91,27.42,153.07,45.3,167.78,175.84,2.6,1607234400
5,974.66,5.14,29.13,123.02,42.92,154.55,162.96,2.57,1607230800
5,1148.22,8.38,35.64,86.55,43.87,153.76,164.37,5.19,1607227200
5,2136.23,28.39,50.72,27.54,45.78,181.37,201.41,22.8,1607223600
5,2296.45,31.29,47.3,14.66,36.24,179.58,199.62,20.01,1607220000
5,2216.34,24.36,46.61,4.65,28.85,182.13,201.23,15.2,1607216400
5,2269.75,22.8,43.87,0.14,21.22,196.68,216.71,13.17,1607212800
5,2136.23,18.55,44.55,0.04,16.21,194.85,214.89,12.03,1607209200
5,2323.15,20.56,48.67,0.03,15.5,205.81,229.34,14.19,1607205600
5,2670.29,26.38,52.78,0.01,15.5,222.61,251.49,15.83,1607202000
5,3124.24,34.87,56.89,0,15.74,241,275.01,16.21,1607198400
5,4005.43,54.09,63.06,0,16.93,278.46,321.31,17.73,1607194800
5,5607.61,92.09,72.66,0,18.6,358.99,420.47,19,1607191200
5,6568.91,111.76,86.37,0,26.23,411.73,487.18,25.08,1607187600
5,7049.56,116.23,101.45,0,40.53,435.33,515.44,45.09,1607184000
5,7263.18,119.81,112.41,0,53.41,425.6,497.33,67.89,1607180400
5,7156.37,121.59,117.9,0,61.99,394.2,453.82,74.98,1607176800
5,6835.94,116.23,119.27,0,66.76,345.63,394.07,77.01,1607173200
5,6355.29,104.61,117.9,0,61.99,292,328.8,66.88,1607169600
5,5126.95,65.27,116.53,0.03,58.65,233.48,258.17,52.18,1607166000
5,2616.88,8.27,95.96,33.62,49.11,158.86,171.57,27.11,1607162400
5,921.25,1.98,33.93,117.3,37.67,114.33,119.59,6.33,1607158800
5,841.14,3.24,26.39,120.16,33.38,109.57,114.43,5,1607155200
5,801.09,4.25,22.28,110.15,29.8,102.25,107.04,4.43,1607151600
5,801.09,5.76,22.28,83.69,29.33,86.75,91.78,4.81,1607148000
5,807.76,7.15,24.33,54.36,30.04,69.3,74.5,5.64,1607144400
5,867.84,7.49,28.45,30.04,30.99,63.68,69.57,7.41,1607140800
5,1028.06,10.84,34.27,15.91,36.72,69.6,76.84,10.77,1607137200
5,1081.47,10.73,33.24,17.7,34.81,72.76,80.11,12.03,1607133600
5,1054.76,4.64,36.33,18.42,31.47,76.45,83.8,13.55,1607130000
5,1014.71,0.29,37.01,24.32,26.7,83.35,91.04,16.72,1607126400
5,867.84,0.02,30.16,37.91,21.7,82.06,89.06,16.97,1607122800
5,834.47,0.01,27.42,45.06,19.55,82.77,89.89,17.48,1607119200
5,834.47,0,27.08,48.64,18.84,82.37,89.71,18.49,1607115600
5,841.14,0,27.08,50.07,18.6,80.43,88.13,19.25,1607112000
5,867.84,0,29.47,50.07,19.79,80.1,88.37,20.01,1607108400
5,961.3,0,34.62,47.92,23.84,82.17,91.38,20.27,1607104800
5,1108.17,0.01,41.81,44.35,30.04,87.13,97.62,20.77,1607101200
5,1174.93,0,42.84,47.21,33.85,90.93,102.12,20.52,1607097600
5,1241.68,0,42.84,47.92,35.76,92.38,103.69,20.52,1607094000
5,1375.2,0.01,48.67,40.05,37.67,92.64,104.07,21.28,1607090400
5,1588.82,0.2,61.69,23.6,41.96,93.89,105.78,22.55,1607086800
5,1762.39,0.73,73.34,14.48,47.68,94.89,106.43,22.04,1607083200
5,1682.28,0.31,71.97,22.89,50.07,92.44,102.24,18.49,1607079600
5,1428.6,1.31,60.32,47.21,49.11,92.2,100.49,14.82,1607076000
5,1201.63,4.64,47.98,72.96,47.21,95.55,103.13,12.29,1607072400
5,1028.06,6.2,37.36,88.69,42.44,93.73,100.44,9.88,1607068800
5,854.49,5.76,26.05,91.55,33.85,82.48,88.14,7.28,1607065200
5,761.03,6.04,21.08,75.1,29.09,65.21,70.47,6.46,1607061600
5,761.03,7.71,22.28,49.35,29.09,52.3,57.8,6.97,1607058000
4,781.06,8.05,23.31,31.11,28.13,46.14,51.81,7.41,1607054400
4,854.49,7.71,27.08,18.42,29.09,46.16,52.12,8.36,1607050800
4,934.6,6.2,32.22,10.91,30.28,48.5,54.64,9.5,1607047200
5,921.25,2.57,35.64,9.3,29.56,50.62,56.46,9.88,1607043600
4,781.06,0.55,31.19,16.45,26.94,49.2,54.17,9.5,1607040000
4,654.22,0.13,25.71,25.03,23.84,46.66,50.76,8.49,1607036400
4,620.84,0.05,23.31,31.47,21.94,49.53,53.45,8.23,1607032800
5,614.17,0.02,21.76,38.27,21.22,55.52,59.44,8.11,1607029200
5,614.17,0,20.39,46.49,20.27,63.89,67.82,7.66,1607025600
5,627.52,0,19.71,54.36,20.03,72.74,76.86,7.41,1607022000
5,660.9,0,21.25,57.22,21.22,78.75,83.27,7.73,1607018400
5,734.33,0,24.33,57.94,23.84,85.37,90.77,8.49,1607014800
5,834.47,0,28.1,62.23,28.13,96.55,103.29,10.01,1607011200
5,921.25,0,31.87,68.67,32.42,109.01,116.86,11.78,1607007600
5,1014.71,0,34.96,72.96,35.29,118.53,126.62,12.54,1607004000
5,1148.22,0,41.47,69.38,38.15,122.4,130.84,13.55,1607000400
5,1255.04,0,50.04,60.8,42.44,116.18,124.38,14.19,1606996800
5,1255.04,0,52.78,60.08,44.35,106.71,114.1,12.92,1606993200
5,1094.82,0.29,45.93,74.39,40.53,100.93,107.27,10.39,1606989600
5,934.6,1.3,35.64,92.98,34.81,99.67,105.48,8.49,1606986000
5,847.82,2.18,28.1,104.43,30.99,102.22,107.74,6.97,1606982400
5,787.74,2.4,21.25,111.58,26.23,106.76,112.28,5.64,1606978800
5,781.06,3.16,19.54,100.14,25.51,106.19,112.23,5.64,1606975200
5,807.76,5.31,21.25,73.67,27.18,94.5,101.13,5.95,1606971600
5,841.14,8.16,21.59,48.64,27.9,81.32,88.54,6.59,1606968000
5,947.95,11.96,23.99,28.61,30.99,75.23,83.57,8.61,1606964400
5,1054.76,11.62,29.13,17.17,32.42,76.72,85.76,10.13,1606960800
5,1054.76,4.53,36.67,12.52,31.95,83.85,93.49,11.15,1606957200
5,907.9,0.31,35.64,21.82,30.52,91.36,101.23,11.65,1606953600
5,767.71,0.03,30.16,33.98,27.9,94.47,104.12,11.27,1606950000
5,754.36,0.01,28.45,38.62,27.42,97.55,107.31,12.16,1606946400
5,794.41,0.01,29.47,37.91,27.42,103.82,114.03,13.93,1606942800
5,841.14,0.01,30.85,35.76,27.42,110.35,120.79,14.44,1606939200
5,907.9,0.03,34.62,29.33,28.85,112.18,122.98,14.69,1606935600
5,974.66,0.18,40.1,19.49,31.95,106.48,117.63,15.33,1606932000
5,1081.47,0.79,45.93,10.64,36.72,102.14,114.11,16.21,1606928400
5,1174.93,1.84,49.35,6.17,41.49,104.18,117.08,17.73,1606924800
5,1495.36,7.6,54.15,1.34,44.82,118.62,133.37,22.29,1606921200
5,1976.01,19.22,60.32,0.09,51.02,135.88,152.71,26.85,1606917600
5,2483.37,32.19,67.17,0.01,57.7,147.35,165.82,29.64,1606914000
5,2510.07,31.29,72.66,0.01,59.61,138.48,155.78,27.61,1606910400
5,2029.42,15.2,76.77,0.5,55.31,118.5,132.54,21.28,1606906800
5,1361.85,1.82,65.8,18.77,47.68,100.77,111.79,14.06,1606903200
5,961.3,1.87,44.55,47.92,41.01,91.29,100.56,8.99,1606899600
5,921.25,3.41,38.39,57.94,39.1,92.57,101.84,8.11,1606896000
5,894.55,4.3,33.24,64.37,36.24,94.81,104.31,7.79,1606892400
5,867.84,4.58,30.85,64.37,35.29,97.01,106.85,7.98,1606888800
5,867.84,4.19,32.22,60.08,35.76,99.45,109.52,8.11,1606885200
5,934.6,3.8,35.3,50.78,37.19,103.05,114.05,9.63,1606881600
5,1121.52,4.02,44.55,33.26,44.82,112.45,124.97,13.05,1606878000
5,1188.28,1.98,49.35,28.61,43.87,113.94,126.11,13.68,1606874400
5,1148.22,0.32,49.35,30.4,41.49,113.09,124.56,14.31,1606870800
5,961.3,0.02,42.16,39.7,38.62,107.63,117.7,14.57,1606867200
5,807.76,0,35.99,48.64,35.29,104.31,113.34,13.93,1606863600
5,781.06,0,33.59,55.08,34.33,105.29,114.43,14.19,1606860000
5,787.74,0,32.56,59.37,33.85,107.28,116.78,14.44,1606856400
5,794.41,0,32.22,61.51,32.9,107.96,117.81,14.57,1606852800
5,834.47,0,33.93,57.22,33.38,105.45,116,15.83,1606849200
5,1054.76,0.01,41.81,39.34,33.85,107.27,119.91,20.01,1606845600
5,1735.69,2.77,66.49,8.85,37.19,130.12,148.82,27.61,1606842000
5,3204.35,30.4,85.68,0.07,45.3,190.42,221.68,41.54,1606838400
5,5928.04,97.45,100.08,0,57.7,304.67,356.42,64.34,1606834800
5,6782.53,126.96,108.3,0,67.71,330.71,385.26,68.9,1606831200
5,6568.91,125.17,112.41,0,74.39,303.9,353.33,65.86,1606827600
5,5874.63,107.29,111.04,0,78.2,253.05,291.3,58.77,1606824000
5,4646.3,68.84,106.93,0,80.11,198.8,224.71,46.61,1606820400
5,2590.18,13.52,100.08,7.42,70.57,144.45,160.35,28.88,1606816800
5,1375.2,1.26,66.49,47.92,57.22,115,125.67,15.83,1606813200
5,1121.52,1.69,48.67,65.8,46.25,109.5,119.12,12.16,1606809600
5,907.9,1.77,34.62,77.25,36.72,103.85,112.79,9.12,1606806000
5,841.14,1.41,30.16,71.53,33.85,99.5,108.56,8.23,1606802400
5,867.84,1.82,32.56,58.65,35.76,98.36,108.13,8.87,1606798800
5,921.25,2.18,34.27,49.35,35.76,100.41,111,10.01,1606795200
5,1041.41,2.12,40.1,36.48,38.62,104.99,116.65,12.41,1606791600
5,1148.22,1.22,45.93,28.61,40.05,107.24,119.15,14.06,1606788000
5,1121.52,0.27,45.93,29.33,39.1,106.35,117.68,15.07,1606784400
5,934.6,0.03,39.41,36.84,36.72,101.75,111.81,15.07,1606780800
5,794.41,0.01,33.59,45.42,32.9,96.48,105.38,14.31,1606777200
5,794.41,0,32.56,47.21,31.47,97.21,106.22,15.58,1606773600
5,1001.36,0.02,37.7,33.62,27.9,106.72,118.4,24.83,1606770000
5,1161.58,0.07,41.47,25.39,25.27,113.8,127.55,29.39,1606766400
5,1308.44,0.13,45.93,21.28,25.03,119.2,134.69,30.4,1606762800
5,1468.66,0.23,52.09,18.24,27.42,124.89,142.24,31.67,1606759200
5,1695.63,0.44,58.26,14.84,31.95,134.02,153.46,33.95,1606755600
5,1895.9,0.64,62.38,13.23,36.72,144.53,165.36,35.97,1606752000
5,2189.64,2.79,69.23,6.17,39.1,155.8,178.02,36.99,1606748400
5,2696.99,11.85,76.77,0.72,42.44,168.72,192.33,35.97,1606744800
5,3257.75,24.14,82.94,0.05,47.21,178.38,202.91,34.96,1606741200
5,3257.75,22.13,89.11,0.09,51.02,166.77,188.5,35.47,1606737600
5,2643.59,5.03,91.85,7.87,51.02,141.62,157.08,28.12,1606734000
5,1735.69,0.94,67.17,51.5,48.64,122.09,132.78,18.49,1606730400
5,1201.63,2.82,45.24,91.55,45.78,115.99,124.59,12.92,1606726800
5,1028.06,3.86,34.62,113.01,40.53,118,125.91,10.64,1606723200
5,881.2,3.27,23.65,131.61,31.95,116.75,123.92,8.36,1606719600
5,801.09,2.85,17.82,133.04,27.42,113.35,120.05,7.22,1606716000
5,807.76,3.49,18.85,120.16,28.13,109.01,115.76,7.22,1606712400
5,847.82,4.36,20.56,100.14,28.85,102.44,109.42,7.79,1606708800
5,1014.71,6.37,28.79,71.53,35.29,97.3,105.42,11.02,1606705200
5,1134.87,5.25,35.64,50.07,36.24,91.44,99.78,13.05,1606701600
5,1134.87,1.45,39.07,40.41,34.33,88.12,96.1,13.93,1606698000
5,947.95,0.03,32.9,47.21,30.99,84.97,91.84,13.55,1606694400
5,794.41,0,26.73,57.22,27.42,82.33,88.03,12.67,1606690800
5,767.71,0,25.36,62.23,26.23,82.42,88,13.05,1606687200
5,761.03,0,25.36,62.94,25.99,81.72,87.47,13.55,1606683600
5,754.36,0,25.36,63.66,25.51,79.86,85.67,13.68,1606680000
5,761.03,0,26.39,62.94,25.27,77.29,83.15,13.93,1606676400
5,787.74,0,26.39,64.37,24.08,74.83,80.81,13.93,1606672800
5,841.14,0,26.39,65.09,23.37,76.45,82.95,13.93,1606669200
5,947.95,0,29.13,64.37,26.46,84.43,92.03,15.07,1606665600
5,1068.12,0,31.53,61.51,29.09,94.19,102.72,16.72,1606662000
5,1201.63,0,36.67,53.64,31.47,98.88,107.87,18.24,1606658400
5,1361.85,0.01,45.24,41.49,34.81,97.62,106.96,19.51,1606654800
5,1415.25,0.02,52.78,33.62,38.15,90.04,98.68,18.75,1606651200
5,1295.09,0.01,50.72,39.7,37.19,79.99,87.11,15.96,1606647600
5,1028.06,0.28,39.76,60.8,33.38,73.79,79.46,12.03,1606644000
5,847.82,1.31,29.13,87.98,30.28,79.36,84.33,9.5,1606640400
5,807.76,2.1,23.65,107.29,28.61,90.78,95.63,8.36,1606636800
5,767.71,2.35,18.34,120.16,25.51,99.33,104.18,7.47,1606633200
5,741.01,2.63,15.94,117.3,23.6,99.5,104.41,6.97,1606629600
5,741.01,3.44,16.79,100.14,23.84,92.28,97.42,7.03,1606626000
5,767.71,4.86,18.34,75.1,23.6,78.65,84.2,7.73,1606622400
5,821.11,7.26,20.91,49.35,24.56,67.01,73.02,9.25,1606618800
5,867.84,8.61,22.96,30.76,25.03,59.43,65.27,10.13,1606615200
5,854.49,5.36,26.73,17.88,24.08,55.87,61.18,10.39,1606611600
5,747.68,0.82,28.45,12.88,21.94,52.18,56.67,10.13,1606608000
4,654.22,0.29,24.68,16.63,19.31,46.69,50.36,9.63,1606604400
4,620.84,0.14,22.28,20.39,17.64,41.46,44.84,9.5,1606600800
4,600.82,0.08,20.74,23.6,16.93,36.79,40.06,9.63,1606597200
4,587.46,0.05,19.71,26.11,15.97,33.35,36.56,9.63,1606593600
4,587.46,0.04,19.54,27.18,15.5,31.49,34.73,9.63,1606590000
4,600.82,0.04,19.88,27.9,15.26,30.64,33.99,9.37,1606586400
4,640.87,0.03,20.91,30.04,15.74,31.97,35.76,9.25,1606582800
4,687.6,0.01,20.74,37.91,16.69,36.36,40.79,9.5,1606579200
4,714.3,0,19.88,50.78,17.64,42.54,47.21,9.5,1606575600
4,761.03,0,20.74,60.08,19.07,49.7,54.53,9.63,1606572000
5,814.44,0,23.31,62.94,20.74,55.39,60.41,10.01,1606568400
5,894.55,0,28.79,60.08,23.6,56.75,61.88,10.64,1606564800
5,974.66,0,34.62,55.79,26.46,58.13,63.38,11.02,1606561200
5,1028.06,0.56,38.39,57.22,30.28,63.26,68.92,11.53,1606557600
5,988.01,2.49,34.96,67.95,31.47,68.36,74.25,11.27,1606554000
5,907.9,3.05,30.16,73.67,29.56,68.25,73.91,10.13,1606550400
5,814.44,2.68,25.02,73.67,25.03,63.86,69.05,8.74,1606546800
5,767.71,2.99,22.28,64.37,22.89,56.61,61.8,8.11,1606543200
4,781.06,4.08,23.31,46.49,24.08,49.19,54.96,8.61,1606539600
4,814.44,5.03,24.68,30.4,24.32,43.55,49.85,9.37,1606536000
4,881.2,7.49,25.02,22.17,25.27,41.36,48.06,10.64,1606532400
4,947.95,10.51,23.99,16.63,25.75,39.15,45.68,11.02,1606528800
4,934.6,8.83,25.02,9.03,25.03,37.08,43.25,10.89,1606525200
4,827.79,3.8,28.1,3,24.32,35.09,40.69,11.02,1606521600
4,734.33,1.79,27.42,4.87,22.65,32.49,37.39,10.89,1606518000
4,714.3,1.12,27.08,6.8,21.46,31.79,36.45,11.02,1606514400
4,700.95,0.68,25.71,9.3,19.79,30.67,34.98,10.51,1606510800
4,687.6,0.4,23.99,12.16,18.12,29.3,33.51,10.01,1606507200
4,680.92,0.26,22.96,14.66,17.41,28.81,33.37,9.88,1606503600
4,720.98,0.28,25.02,14.48,19.07,30.29,35.37,9.88,1606500000
4,814.44,0.59,30.16,11.8,22.89,34.21,40,10.39,1606496400
4,894.55,0.57,32.22,12.7,24.56,39.17,46.13,11.4,1606492800
4,907.9,0.3,32.22,16.99,24.56,41.75,49.19,11.65,1606489200
4,934.6,0.11,32.22,23.96,24.8,44.28,51.55,11.4,1606485600
4,988.01,0.02,33.59,35.41,25.99,49.97,57.25,11.53,1606482000
5,1094.82,0,39.76,50.78,30.99,64.35,71.87,12.16,1606478400
5,1188.28,0,47.3,67.23,38.62,84.41,92.51,12.03,1606474800
5,1188.28,0.02,50.04,79.39,44.82,98.12,106.69,11.02,1606471200
5,1081.47,0.04,46.61,88.69,45.78,101.49,110.07,9.5,1606467600
5,961.3,0.11,39.76,100.14,41.49,98.93,107.04,7.66,1606464000
5,854.49,0.19,31.87,108.72,36.24,92.36,99.88,6.78,1606460400
5,847.82,0.82,29.82,108.72,35.76,92.15,99.78,6.71,1606456800
5,907.9,3.13,32.22,91.55,38.15,93.67,102.12,6.78,1606453200
5,1014.71,8.27,34.62,59.37,39.1,83.14,92.75,8.74,1606449600
5,1241.68,20.34,36.33,22.89,45.78,71.09,83.02,13.3,1606446000
5,1281.74,22.58,33.93,10.37,41.49,67.1,78.45,13.3,1606442400
5,1201.63,17.88,34.27,3.22,36.72,68.63,79.06,12.03,1606438800
5,1028.06,10.84,35.64,0.45,32.9,69.28,78.78,11.4,1606435200
5,881.2,5.87,35.99,0.96,29.09,68.04,76.62,10.39,1606431600
5,867.84,3.49,36.33,2.12,27.66,73.71,82.52,10.01,1606428000
5,1068.12,3.13,38.73,2.26,25.03,100.66,111.71,10.13,1606424400
5,1522.06,4.92,49.35,1.35,24.32,150.89,167.88,10.01,1606420800
5,2349.85,11.06,68.55,0.29,28.13,230.11,258.57,11.65,1606417200
5,3097.53,18.33,83.63,0.02,35.29,308.07,345.75,13.3,1606413600
5,3257.75,19.22,85.68,0.02,40.05,322.26,362.08,14.44,1606410000
5,3124.24,16.09,83.63,0.08,41.01,297.22,337.15,16.97,1606406400
5,2830.51,11.29,82.94,0.35,40.53,253.61,289.31,16.97,1606402800
5,2510.07,7.49,82.94,1.08,39.58,199.31,227.92,15.71,1606399200
5,2269.75,4.58,84.31,2.86,39.58,152.98,174.67,14.69,1606395600
5,2109.53,1.57,87.74,10.01,41.49,126.35,142.32,13.55,1606392000
5,1789.09,0.06,78.83,36.84,42.92,114.24,126.11,12.41,1606388400
5,1214.98,0.26,54.84,86.55,41.96,106.61,115.25,9.37,1606384800
5,854.49,1.06,37.7,123.02,41.49,104.83,111.75,6.02,1606381200
5,847.82,2.32,36.33,125.89,44.82,104.8,111.7,5.83,1606377600
5,814.44,3.33,33.59,121.59,44.82,98.42,105.36,5.51,1606374000
5,801.09,4.41,32.9,105.86,44.82,92.15,99.4,5.26,1606370400
5,881.2,6.48,38.04,84.4,47.68,91.9,99.92,5.26,1606366800
5,1121.52,10.73,47.98,60.08,55.79,108.98,119.31,5.7,1606363200
5,1708.98,24.14,65.8,25.75,75.34,155.36,170.95,8.49,1606359600
5,2002.72,29.06,71.97,9.03,79.16,185.65,203.33,7.98,1606356000
5,2189.64,29.95,78.14,1.34,81.06,222.55,242.54,6.97,1606352400
5,3364.56,59.01,60.32,0.01,55.79,314.58,346.34,16.21,1606348800
5,3044.13,46.94,52.78,0,41.49,313.81,348.66,21.03,1606345200
5,2777.1,36.21,51.41,0,38.15,305.73,343.8,26.09,1606341600
5,2510.07,25.48,52.78,0,34.81,288.55,327.51,25.59,1606338000
5,2296.45,16.54,54.15,0.02,30.99,267.55,304.83,22.8,1606334400
5,2136.23,9.84,56.89,0.27,28.13,249.25,284.34,20.01,1606330800
5,2029.42,5.64,61.01,1.31,26.23,231.25,263.99,15.2,1606327200
5,1949.31,2.65,65.8,5.1,27.9,213.21,243.97,11.78,1606323600
5,1668.93,0.37,61.69,19.67,32.42,188.05,216.2,10.26,1606320000
5,1361.85,0.01,54.15,33.98,34.33,153.45,177.7,9.12,1606316400
5,1255.04,0.01,54.15,36.12,34.33,118.39,138.95,9.25,1606312800
5,1201.63,0.01,56.21,36.12,35.76,93.11,110.02,9.88,1606309200
5,1241.68,0.01,60.32,37.55,38.62,90.2,104.59,10.77,1606305600
5,1281.74,0,58.95,50.78,40.05,99.01,111.73,11.15,1606302000
5,1255.04,0.11,52.09,72.96,41.01,112.63,123.04,10.26,1606298400
5,1201.63,0.55,49.35,90.84,44.35,125.33,134.22,9.63,1606294800
5,1134.87,1.38,48.67,100.14,47.21,127.5,135.77,9.25,1606291200
5,1001.36,1.93,41.13,105.86,42.44,118.98,126.29,7.35,1606287600
5,947.95,2.29,38.39,97.28,39.1,113.74,120.85,5.76,1606284000
5,1054.76,3.3,47.3,75.82,44.35,122.29,130.78,6.14,1606280400
5,1321.79,5.36,61.01,51.5,51.98,149.64,161.84,7.41,1606276800
5,2269.75,25.48,79.51,11.27,71.53,218.28,240,13.43,1606273200
5,2670.29,38,77.46,3.44,75.34,252.62,277.52,13.68,1606269600
5,2590.18,38.45,77.46,0.78,76.29,270.2,295.95,12.79,1606266000
